<message xmlns="">
    <m_control>
      <control_timestamp>2007-05-21T12:22:21.4580</control_timestamp>
      <message_id>ee258fbe-90ba-43fd-b73c-841d998b2b6e</message_id>
      <retry_number>0</retry_number>
      <message_type>Quotation Request</message_type>
      <message_version>/origo/3.2.1/QNBProtectionQuoteRequest.xsd</message_version>
      <expected_response_type>synchronous</expected_response_type>
      <initiator_id>Exchange, The</initiator_id>
      <initiator_orchestration_id>660561</initiator_orchestration_id>
      <responder_id>Zurich Assurance</responder_id>
	</m_control>
	<m_content>
		<b_control>
			<service_provider_reference_number>660561</service_provider_reference_number>
			<intermediary_case_reference_number>070521122220875</intermediary_case_reference_number>
			<quote_type>Comparison</quote_type>
			<quote_or_print>Quote Only</quote_or_print>
			<generic_quote_ind>No</generic_quote_ind>
			<message_version_number>3.2.1</message_version_number>
			<submission_date>2007-05-21</submission_date>
			<tpsdata>
				<billingproducttype>155</billingproducttype>
				<billingproductsubtype>0</billingproductsubtype>
				<billingproduct>34</billingproduct>
				<URLofIP>https://systest-quote-ep.zurich.co.uk/quote/OrigoProtectionTransformXMLPS</URLofIP>
				<IPtimeout>30000</IPtimeout>
			</tpsdata>
		</b_control>
		<intermediary type="IFA">
			<sib_number>432886</sib_number>
			<FirmFSARef>432886</FirmFSARef>
			<basis_of_sale>
				<whole_of_market>Yes</whole_of_market>
			</basis_of_sale>
			<company_name>Zurich Life Assurance Co (Demo)</company_name>
			<branch_name>Zurich Life Assurance Co (Demo)</branch_name>
			<agency_number>ZUR610136</agency_number>
			<agency_address>
				<postcode>PO15 7JY</postcode>
			</agency_address>
			<contact_details>
				<name>Stuart Hogton</name>
			</contact_details>
		</intermediary>
		<application>
			<personal_client id="pc1">
				<title>Mr</title>
				<forenames>obi</forenames>
				<surname>five</surname>
				<sex>Male</sex>
				<date_of_birth>1980-05-02</date_of_birth>
				<tax_rate>22</tax_rate>
				<employment_contract>
					<occupation code="DAB00605">Dentist</occupation>
				</employment_contract>
				<smoker_ind>No</smoker_ind>
				<preferred_life_ind>No</preferred_life_ind>
			</personal_client>
			<product type="Term Protection" product_code="DY_P">
				<increment_ind>No</increment_ind>
				<benefits_required>
					<life_assured personal_client_id="pc1"
						sequence_number="1" />
					<death_ind>Yes</death_ind>
					<death_or_earlier_cic_ind>No</death_or_earlier_cic_ind>
					<critical_illness_ind>No</critical_illness_ind>
					<tpd_ind>No</tpd_ind>
					<waiver_ind>Yes</waiver_ind>
					<unemployment_ind>No</unemployment_ind>
				</benefits_required>
				<risk_benefit id="rb1" type="Life And Health">
					<cover_basis>Single Life</cover_basis>
					<cover_period>
						<term>
							<years>10</years>
						</term>
					</cover_period>
					<risk_cover>
						<risk_event>Death</risk_event>
						<risk_event>Terminal Illness</risk_event>
						<life_assured personal_client_id="pc1"
							sequence_number="1" />
						<lump_sum_benefit>
							<amount currency="GBP">50000</amount>
						</lump_sum_benefit>
						<cover_indexation>
							<change_basis>Increasing</change_basis>
							<change_index>Fixed</change_index>
							<change_percent>5.00</change_percent>
						</cover_indexation>
					</risk_cover>
					<risk_contribution>
						<cost_basis>Paid For Separately</cost_basis>
						<contribution>
							<frequency>Monthly</frequency>
						</contribution>
						<payment_indexation>
							<change_index>Fixed</change_index>
							<change_percent>5.0</change_percent>
						</payment_indexation>
						<waiver risk_benefit_id="rb2" />
						<main_commission
							commission_entitlement_id="CE1" />
						<renewal_commission
							commission_entitlement_id="CE2" />
					</risk_contribution>
				</risk_benefit>
				<risk_benefit id="rb2" type="Waiver">
					<cover_basis>Single Life</cover_basis>
					<risk_cover>
						<risk_event qualifier="Own Occupation">Disability</risk_event>
						<life_assured personal_client_id="pc1"
							sequence_number="1" />
					</risk_cover>
					<risk_contribution>
						<cost_basis>Funded From Waived Risk Contribution</cost_basis>
					</risk_contribution>
				</risk_benefit>
				<policy_term>
					<start_date>2007-05-21</start_date>
				</policy_term>
				<product_option type="Guaranteed Rates" />
				<commission_entitlement id="CE1" type="Initial">
					<uplift>
						<percent calculation_basis="Entitlement">100</percent>
					</uplift>
					<indemnity_ind>Yes</indemnity_ind>
				</commission_entitlement>
				<commission_entitlement id="CE2" type="Renewal">
					<uplift>
						<percent calculation_basis="Entitlement">100</percent>
					</uplift>
				</commission_entitlement>
				<illustration_basis>
					<contribution_or_benefit_led>Benefit</contribution_or_benefit_led>
				</illustration_basis>
			</product>
		</application>
	</m_content>
</message>