<message xmlns="">
    <m_control>
      <control_timestamp>2007-05-03T12:27:37.0290</control_timestamp>
      <message_id>fca4bf7b-4ec7-415c-8b2f-f29c559579ce</message_id>
      <retry_number>0</retry_number>
      <message_type>Quotation Request</message_type>
      <message_version>/origo/3.2.1/QNBProtectionQuoteRequest.xsd</message_version>
      <expected_response_type>synchronous</expected_response_type>
      <initiator_id>Exchange, The</initiator_id>
      <initiator_orchestration_id>649417</initiator_orchestration_id>
      <responder_id>Zurich Assurance</responder_id>
    </m_control>
    <m_content>
      <b_control>
        <service_provider_reference_number>649417</service_provider_reference_number>
        <intermediary_case_reference_number>070503122735455</intermediary_case_reference_number>
        <quote_type>Comparison</quote_type>
        <quote_or_print>Quote Only</quote_or_print>
        <generic_quote_ind>No</generic_quote_ind>
        <message_version_number>3.2.1</message_version_number>
        <submission_date>2007-05-03</submission_date>
        <tpsdata>
          <billingproducttype>155</billingproducttype>
          <billingproductsubtype>0</billingproductsubtype>
          <billingproduct>35</billingproduct>
          <URLofIP>https:systest-quote-ep.zurich.com/quote/OrigoProtectionTransformXMLPS</URLofIP>
          <IPtimeout>30000</IPtimeout>
        </tpsdata>
      </b_control>
      <intermediary type="IFA">
        <sib_number>799100</sib_number>
        <FirmFSARef>799100</FirmFSARef>
        <basis_of_sale>
          <whole_of_market>Yes</whole_of_market>
        </basis_of_sale>
        <company_name>Zurich Life Assurance Co (Demo)</company_name>
        <branch_name>Zurich Life Assurance Co (Demo)</branch_name>
        <agency_number>ZUR609838</agency_number>
        <agency_address>
          <postcode>PO15 7JY</postcode>
        </agency_address>
        <contact_details>
          <name>Stuart Hogton</name>
        </contact_details>
      </intermediary>
      <application>
        <personal_client id="pc1">
          <title>Mr</title>
          <forenames>Peet</forenames>
          <surname>Denny</surname>
          <sex>Male</sex>
          <date_of_birth>1973-10-15</date_of_birth>
          <tax_rate>22</tax_rate>
          <smoker_ind>No</smoker_ind>
          <preferred_life_ind>No</preferred_life_ind>
        </personal_client>
        <product type="Term Protection" product_code="DY_E">
          <increment_ind>No</increment_ind>
          <benefits_required>
            <life_assured personal_client_id="pc1" sequence_number="1"/>
            <death_ind>Yes</death_ind>
            <death_or_earlier_cic_ind>No</death_or_earlier_cic_ind>
            <critical_illness_ind>No</critical_illness_ind>
            <tpd_ind>No</tpd_ind>
            <waiver_ind>No</waiver_ind>
            <unemployment_ind>No</unemployment_ind>
          </benefits_required>
          <risk_benefit id="rb1" type="Life And Health">
            <cover_basis>Single Life</cover_basis>
            <cover_period>
              <term>
                <years>12</years>
              </term>
            </cover_period>
            <risk_cover>
              <risk_event>Death</risk_event>
              <life_assured personal_client_id="pc1" sequence_number="1"/>
              <lump_sum_benefit>
                <amount currency="GBP">12000</amount>
              </lump_sum_benefit>
              <cover_indexation>
                <change_basis>Level</change_basis>
              </cover_indexation>
            </risk_cover>
            <risk_contribution>
              <cost_basis>Paid For Separately</cost_basis>
              <contribution>
                <frequency>Monthly</frequency>
              </contribution>
              <payment_indexation>
                <change_index>Level</change_index>
              </payment_indexation>
              <main_commission commission_entitlement_id="CE1"/>
              <renewal_commission commission_entitlement_id="CE2"/>
            </risk_contribution>
          </risk_benefit>
          <policy_term>
            <start_date>2007-05-03</start_date>
          </policy_term>
          <product_option type="Guaranteed Rates"/>
          <commission_entitlement id="CE1" type="Initial">
            <uplift>
              <percent calculation_basis="Entitlement">100</percent>
            </uplift>
            <indemnity_ind>Yes</indemnity_ind>
          </commission_entitlement>
          <commission_entitlement id="CE2" type="Renewal">
            <uplift>
              <percent calculation_basis="Entitlement">100</percent>
            </uplift>
          </commission_entitlement>
          <illustration_basis>
            <contribution_or_benefit_led>Benefit</contribution_or_benefit_led>
          </illustration_basis>
        </product>
      </application>
    </m_content>
  </message>
