<message>
	<m_control>
		<control_timestamp>2007-05-09T13:57:53</control_timestamp>
		<message_id>2298f758-bc3e-482b-ba9d-34054c26cf61</message_id>
		<retry_number>0</retry_number>
		<message_type>Quotation Request</message_type>
		<message_version>
			/origo/3.2.1/QNBProtectionQuoteRequest.xsd
		</message_version>
		<expected_response_type>synchronous</expected_response_type>
		<initiator_id>Webline</initiator_id>
		<user_id>Alan McKinna</user_id>
		<responder_id>Zurich Financial Services</responder_id>
	</m_control>
	<m_content>
		<b_control>
			<service_provider_reference_number>
				11415342
			</service_provider_reference_number>
			<intermediary_case_reference_number></intermediary_case_reference_number>
			<quote_type>Comparison</quote_type>
			<quote_or_print>Quote Only</quote_or_print>
			<message_version_number>3.2.1</message_version_number>
			<submission_date>2007-05-09</submission_date>
		</b_control>
		<intermediary type="IFA">
			<FirmFSARef>126191</FirmFSARef>
			<PrincipalOrNetworkFSARef>126191</PrincipalOrNetworkFSARef>
			<basis_of_sale>
				<whole_of_market>Yes</whole_of_market>
			</basis_of_sale>
			<company_name>Zurich Test</company_name>
			<agency_address>
				<line_1>Address 1</line_1>
				<line_2>Address 2</line_2>
				<line_3>Address 3</line_3>
				<line_4>Address 4</line_4>
				<postcode>PO16 7DF</postcode>
			</agency_address>
			<contact_details>
				<name>Alan McKinna</name>
			</contact_details>
		</intermediary>
		<application>
			<personal_client id="PC1">
				<title />
				<forenames />
				<surname />
				<sex>Female</sex>
				<date_of_birth>1954-09-22</date_of_birth>
				<employment_contract>
					<occupation code="HAB01096">
						Hotel Receptionist
					</occupation>
				</employment_contract>
				<smoker_ind>Yes</smoker_ind>
			</personal_client>
			<product type="Term Protection" product_code="DU_E">
				<number_of_lives_assured>1</number_of_lives_assured>
				<increment_ind>No</increment_ind>
				<risk_benefit id="RB1" type="Life And Health">
					<cover_basis>Single Life</cover_basis>
					<cover_period>
						<term>
							<years>10</years>
						</term>
					</cover_period>
					<risk_cover>
						<risk_event>Death</risk_event>
						<life_assured personal_client_id="PC1"
							sequence_number="1" />
						<lump_sum_benefit>
							<amount currency="GBP">100000</amount>
						</lump_sum_benefit>
						<cover_indexation>
							<change_basis>
								Decreasing - Mortgage Protection
							</change_basis>
						</cover_indexation>
					</risk_cover>
					<risk_contribution>
						<cost_basis>Paid For Separately</cost_basis>
						<contribution>
							<frequency>Monthly</frequency>
						</contribution>
						<main_commission
							commission_entitlement_id="CE1" />
						<renewal_commission
							commission_entitlement_id="CE2" />
					</risk_contribution>
					<risk_benefit_option type="Guaranteed Rates" />
				</risk_benefit>
				<policy_term>
					<start_date>2007-05-09</start_date>
				</policy_term>
				<loan_details>
					<amount currency="GBP">100000</amount>
					<interest_rate>1</interest_rate>
				</loan_details>
				<commission_entitlement id="CE1" type="Initial">
					<uplift>
						<percent calculation_basis="Entitlement">
							100
						</percent>
					</uplift>
					<indemnity_ind>Yes</indemnity_ind>
				</commission_entitlement>
				<commission_entitlement id="CE2" type="Renewal">
					<uplift>
						<percent calculation_basis="Entitlement">
							100
						</percent>
					</uplift>
				</commission_entitlement>
				<illustration_basis>
					<contribution_or_benefit_led>
						Benefit
					</contribution_or_benefit_led>
				</illustration_basis>
			</product>
		</application>
	</m_content>
</message>