<message>
	<m_control>
		<control_timestamp>2007-05-02T18:21:01</control_timestamp>
		<message_id>659bd3c4-7e59-41b2-a0a6-a70a429a4b49</message_id>
		<retry_number>0</retry_number>
		<message_type>Quotation Request</message_type>
		<message_version>/origo/3.2.1/QNBProtectionQuoteRequest.xsd</message_version>
		<expected_response_type>synchronous</expected_response_type>
		<initiator_id>Webline</initiator_id>
		<user_id>Anne Clay</user_id>
		<responder_id>Zurich Financial Services</responder_id>
	</m_control>
	<m_content>
		<b_control>
			<service_provider_reference_number>11327092</service_provider_reference_number>
			<intermediary_case_reference_number></intermediary_case_reference_number>
			<quote_type>Comparison</quote_type>
			<quote_or_print>Quote Only</quote_or_print>
			<message_version_number>3.2.1</message_version_number>
			<submission_date>2007-05-02</submission_date>
		</b_control>
		<intermediary type="IFA">
			<FirmFSARef>121012</FirmFSARef>
			<PrincipalOrNetworkFSARef>121012</PrincipalOrNetworkFSARef>
			<basis_of_sale>
				<whole_of_market>Yes</whole_of_market>
			</basis_of_sale>
			<company_name>Zurich Protection Test 2</company_name>
			<agency_address>
				<line_1>Test</line_1>
				<postcode>PO16 0PY</postcode>
			</agency_address>
			<contact_details>
				<name>Anne Clay</name>
			</contact_details>
		</intermediary>
		<application>
			<personal_client id="PC1">
				<title />
				<forenames />
				<surname />
				<sex>Male</sex>
				<date_of_birth>1943-10-15</date_of_birth>
				<employment_contract>
					<occupation code="UAB02463">Undertaker</occupation>
				</employment_contract>
				<smoker_ind>Yes</smoker_ind>
			</personal_client>
			<product type="Term Protection" product_code="DU_P">
				<number_of_lives_assured>1</number_of_lives_assured>
				<increment_ind>No</increment_ind>
				<risk_benefit id="RB1" type="Life And Health">
					<cover_basis>Single Life</cover_basis>
					<cover_period>
						<term>
							<years>3</years>
						</term>
					</cover_period>
					<risk_cover>
						<risk_event>Death</risk_event>
						<life_assured personal_client_id="PC1"
							sequence_number="1" />
						<cover_indexation>
							<change_basis>Decreasing - Mortgage Protection</change_basis>
						</cover_indexation>
					</risk_cover>
					<risk_contribution>
						<cost_basis>Paid For Separately</cost_basis>
						<contribution>
							<amount currency="GBP">30.00</amount>
							<frequency>Monthly</frequency>
						</contribution>
						<main_commission
							commission_entitlement_id="CE1" />
						<renewal_commission
							commission_entitlement_id="CE2" />
					</risk_contribution>
					<risk_benefit_option type="Reviewable Rates" />
				</risk_benefit>
				<policy_term>
					<start_date>2007-05-02</start_date>
				</policy_term>
				<loan_details>
					<interest_rate>8</interest_rate>
				</loan_details>
				<commission_entitlement id="CE1" type="Initial">
					<uplift>
						<percent calculation_basis="Entitlement">100</percent>
					</uplift>
					<indemnity_ind>Yes</indemnity_ind>
				</commission_entitlement>
				<commission_entitlement id="CE2" type="Renewal">
					<uplift>
						<percent calculation_basis="Entitlement">100</percent>
					</uplift>
				</commission_entitlement>
				<illustration_basis>
					<contribution_or_benefit_led>Contribution</contribution_or_benefit_led>
				</illustration_basis>
			</product>
		</application>
	</m_content>
</message>