<message>
	<m_control>
		<control_timestamp>2007-05-29T10:24:15</control_timestamp>
		<message_id>db0553e8-f26f-4b4a-8c8c-4874505747ad</message_id>
		<retry_number>0</retry_number>
		<message_type>Quotation Request</message_type>
		<message_version>/origo/3.2.1/QNBProtectionQuoteRequest.xsd</message_version>
		<expected_response_type>synchronous</expected_response_type>
		<initiator_id>PS</initiator_id>
		<user_id>Tester 1</user_id>
		<responder_id>Zurich Financial Services</responder_id>
	</m_control>
	<m_content>
		<b_control>
			<service_provider_reference_number>11721786</service_provider_reference_number>
			<intermediary_case_reference_number></intermediary_case_reference_number>
			<quote_type>Single Company</quote_type>
			<quote_or_print>Quote And Print</quote_or_print>
			<message_version_number>3.2.1</message_version_number>
			<submission_date>2007-05-29</submission_date>
		</b_control>
		<intermediary type="IFA">
			<FirmFSARef>121012</FirmFSARef>
			<PrincipalOrNetworkFSARef>121012</PrincipalOrNetworkFSARef>
			<basis_of_sale>
				<whole_of_market>Yes</whole_of_market>
			</basis_of_sale>
			<company_name>Zurich Protection Test 2</company_name>
			<agency_address>
				<postcode>PO16 0PY</postcode>
			</agency_address>			
		</intermediary>
		<application>
			<personal_client id="pc1">				
				<surname>Clay</surname>
				<sex>Female</sex>
				<date_of_birth>1976-02-19</date_of_birth>
				<employment_contract>
					<occupation code="BAC02607">Bakery Shop Manager</occupation>
				</employment_contract>
				<smoker_ind>No</smoker_ind>
			</personal_client>
			<personal_client id="pc2">				
				<surname>Clay</surname>
				<sex>Male</sex>
				<date_of_birth>1976-06-29</date_of_birth>				
				<smoker_ind>No</smoker_ind>
			</personal_client>
			<product type="Term Protection" product_code="DU_E">
				<main_purpose>Mortgage Protection</main_purpose>				
				<increment_ind>No</increment_ind>
				<risk_benefit id="rb1" type="Life And Health">
					<cover_basis>Last Event</cover_basis>
					<cover_period>
						<term>
							<years>15</years>
						</term>
					</cover_period>
					<risk_cover>
						<risk_event>Death</risk_event>
						<risk_event qualifier='Suited Occupation'>Critical Illness</risk_event>
						<risk_event qualifier='Suited Occupation'>Total And Permanent Disability</risk_event>
						<life_assured personal_client_id="pc1" sequence_number="1" />
						<life_assured personal_client_id="pc2" sequence_number="2" />
						<lump_sum_benefit>
							<amount currency="GBP">170000</amount>
						</lump_sum_benefit>
						<cover_indexation>
							<change_basis>Decreasing - Mortgage Protection</change_basis>
						</cover_indexation>
					</risk_cover>
					<risk_contribution>
						<cost_basis>Paid For Separately</cost_basis>
						<contribution>
							<frequency>Monthly</frequency>
						</contribution>						
						<main_commission commission_entitlement_id="ce1" />
						<renewal_commission commission_entitlement_id="ce2" />
					</risk_contribution>					
				</risk_benefit>
				<policy_term>
					<start_date>2007-05-29</start_date>
				</policy_term>
				<loan_details>
					<amount currency="GBP">170000</amount>
					<interest_rate>8</interest_rate>
				</loan_details>
				<product_option type="Reviewable Rates" />
				<commission_entitlement id="ce1" type="Initial">
					<uplift>
						<percent calculation_basis="Entitlement">100</percent>
					</uplift>
					<indemnity_ind>Yes</indemnity_ind>
				</commission_entitlement>
				<commission_entitlement id="CE2" type="Renewal">
					<uplift>
						<percent calculation_basis="Entitlement">100</percent>
					</uplift>
				</commission_entitlement>
				<illustration_basis>
					<contribution_or_benefit_led>Benefit</contribution_or_benefit_led>
				</illustration_basis>
				<document_out type="Client Specific Illustration">
					<print_requirements>
						<distribution_method>Web Hosted</distribution_method>
						<web_host_format>PDF</web_host_format>
					</print_requirements>
				</document_out>
			</product>
		</application>
	</m_content>
</message>